name;description
Outdoors and Adventure;Explore outdoor adventures
Tech;Keep up to date on the latest developments in the tech industry
Sports and Fitness;Try out a new sport or fitness activity
Family;Fun family activities
Food and Drink;Try the city's best food and drink experiences
Social;Find out about social movements
Fashion and Beauty;Find out what's new in the fashion industry
Career and Business;Find out how to start a new business or how to grow your career
Hobbies and Crafts;Meet people in your local community who share your interests.
Arts;Find out what's new in arts
Games;Try new games
Music;Find upcoming concerts or music events
Film;Find out about film festivals